Position,Company,Location,URL
full details of Software Engineering Manager,Qorvo,Apopka  FL 32703,https://indeed.com/pagead/clk?mo=r&ad=-6NYlbfkN0CgiQJXIMcZk9m72G07S1vJRyLjcQWH5Sr1C-LpLGHifm6ClNNWLb2JV5nyR4I0Fykj3DJzxKAdB4IxuW7OhcVuvN25pVWrlx-RhRQRWbZqfr4cYkfqgCgpLpXT2aOhyrSoN6pvSopixwLcmlRPr4A1Q2hiSurdpbI-ZfNdq19WX-mgWo1rCZE3DWRzr5y--GHr0c83svHuopGEmNL7LGea_dGhkNN_snQvmjXkp2D4FIlCGlc4zR-uoRKTqTNf6dwJXwXO69Lq--yjP8bEYq3TiZf83EU1VnpMrrBz6L-g2Hhswgy4CYDx8Sr6yck1bevQDQ3onCiM8DNLO8pUs4IW1EnMiNnz3iVNICUMMucZXVHtjDDkErHUtGdJpiJCJ-I-p_QaIKbdKhrd0k1sywzXDLoVEfJAJpkDp6IGDSd2AHWbwVZT8Bc7aJzxUGyTx8Jx3KakcON8cyb5ZcC9NZp2AOMHV7hLqkXt0Hgi6-PvU3lX86Cmm8r_IZdFASLn27WGeK1Z8-YINKgVTmJJW2wQioM1nZcGk94=&xkcb=SoAA-_M3RYGaQ-2Q0B0LbzkdCdPP&p=0&fvj=1&vjs=3
full details of Full Stack Developer,FIVE STONE INVESTMENTS,None,https://indeed.com/pagead/clk?mo=r&ad=-6NYlbfkN0DdLn5tXN_RiyJSiFodarGZFJKa8s6F6AK0THPBWp05MVCArW8YeQ7SfarFF_8W89U3gax8DO7SOYRSn75CM8LPce5WUd_vSss2yn1sC5otf8tXGbSQAVDvFez7XjcBpe5wz3AQsEChYyaAhOMj9K6NjD0gwVIG8YryOzFPXAGKA1FRuzx7ltTnn6ZtrfPpMFqssLVpSP5KuNC9gwmORMr2-QVi0J4zGfaGH3DQ4_4FJCDl3cpoLXcuz-Yg47SUMSPsz5eoGk5ZHwv0097mIfRvrPLYwBDAi0oVYG0PhyAwydOrwm92FDkeloMTiR02y6OE8vd8AyJxTSEhryXBxB0VDpZKH3vgL2Xfafdp9u5uNAhCdcc6I9G65Ue1uzFhwXcPUiPagEek_i1vrbmhXBW4N_wvV_cDj9wbb1weDUQRirNZBAbXEfueW-4slgIvSeO8W8kd-YAXUZDGeGJwh1Srs8UXDDqed9RekSG6mbyCWYIizHtjau30jjScStmgMCVz9JeOot8zuw==&xkcb=SoC0-_M3RYGaQ-2Q0B0KbzkdCdPP&p=1&fvj=1&vjs=3
full details of Analyst  Web Analytics,1-800-Flowers.com,Medford  OR 97501,https://indeed.com/pagead/clk?mo=r&ad=-6NYlbfkN0C2Kxy2UJ_Pvnd4od3WrkCWO_kqcj97eYDc0kbVAzRhDo_H_NXW5_Q7QbWbr-dxO1G8zWEMvIrOjtwe8jzu9wDTwDzrAoCsxs_BBeNx35RDaS1P_08RQVorbF1V8Lxm-txh8FQPa3cXWg7s1vBW7nBqBZz3SklRqH1qMHTvrfOBpO3Z751yCVRTxwUa8BmoirGosC2aGGdV9i_KX2aTBHqYml0zvDqjvcm3JjFsQBtVjnWoWx9NKxsqIK_Tid34_cvJI_oEpc5wJzNwR-i_sVzte01qUpAO9RYySOMPdMoixWFQ8zUYWRzgk3cH-6DN_X0b6WmUP2FaLsiT-d_-rH_wLkU0BJZDxS4WKS1c4tjxYI_GIkbowV80i-S3og97Ue5Y1zh5iIZyQYcd66Pu0KDcl6fZJ8ntvMtP0UFFRghQat7ghPmhWLA1IMCRRD8qyo4olgaEsfrVXYuF1d00K3omvzWaUOMriyr8TNMtaKJTEERPgGR8gD__xPVgH3-vqlADyHemJlF_QX3-ymJvEnjlZfemj7OHeV3KKQLC8VzrqoucwqJoD-shrn-eO1liC1tEYKM1GyrvPj8y1E9AhvmiSrKqVKEhit-ooB9FG0_mgGn1-UkwLfit&xkcb=SoAp-_M3RYGaQ-2Q0B0JbzkdCdPP&p=2&fvj=0&vjs=3
full details of Python Backend Developer,Storylines,Remote,https://indeed.com/rc/clk?jk=4c2cb9fd54fe8629&fccid=51bc64bbba7f8a0e&vjs=3
full details of Software Engineer (Remote) - Network Protocols BGP  Sflow  geoip  SSL/TLS,Hurricane Electric,Remote,https://indeed.com/pagead/clk?mo=r&ad=-6NYlbfkN0DJVmdHrWG8rmY8gwBOlLuv8f7ogOVVcXMYlO15w0IEV4iF8LeMn3dThLQ8FnIbORbFXZ03NRF2MoxHKAp6h3GYUhBGxDobOcXNHHLqXDijKnpFWDUc7jJLbv5OJVKqYJzODfEihMY5NKF-CtAPmVdu1LPRHnOsCHxPcW9yDaX5u1ezXkHPZJwONrlcShaXhW9Z1PcUYGB_UIz_z-bwtvHDTQ0jL0FRn7W_XaNuSaasLssmO8qDQJLJmrW3EtEyimbf4w-u3bHCUP0azEb5j9aTyzDyDyrVrQWpcggcDv9D_13KHoTnKilMFZue_-VQxnmIWvDLUashKalQ4Vx8OLqaTv8fU8a7_l7s9HVmnYrMjIJ5lpdCyhWln7RJd5JE-KCJeYm-hNjeRAf0dkBbHsa95jznetz-1jCzzdd4KQYJpEhADqiK4uUbb0mrnCQeCya-zY13Sd8IEZ2uFUrv5X9610I3tDAz4I6ZmY6d41HTs_mTvJtS0e8CafITO8DjAEBf8h1qyzIBl3e53gIZE9X6Qd-TMnU_SJeN0Mjq2veWYCdxdzDsbQzbR2QaEA6TwIk=&xkcb=SoAT-_M3RYGaQ-2Q0B0PbzkdCdPP&p=4&fvj=1&vjs=3
full details of Python Developer,Global IT,Remote,https://indeed.com/company/Global-IT/jobs/Python-Developer-c4cbbfa2a2a7b292?fccid=d06a871c4d5856ea&vjs=3
full details of Quality Control Specialist III,MD Helicopters,None,https://indeed.com/pagead/clk?mo=r&ad=-6NYlbfkN0Bgzgz_Xf8wW3GrO3UxLut0zzPZ3BB_bfTnrWUQw0E3Q8YtNh2yRrjWLZ01nU6Pi0nnBuHsqHulW0_vmFaI74ZktfVXofyTjs23SvHFaSySwFCdJ2KSikos_z2DOy2fOtu1Z0vfhMtAh9QFX_ozViWTLLqRR4TPTTlXrQo2734rc5t6YQGNYfb-ThcKgmQDPwWwLf8QLHZMbzvlG5jSCSIwzfxLJnXfR52X1w9SqpSGvMI79TYxh1H_3izQG3V_duKo8xg5VkmRnTgI-KHqd2raYlrBbf4mDU3hVw7Qhq2WsgJf5ttF4oc18wa7Q-bJG8d8QCsVRvqkRIv6z7WZGyUotm-ZGyfd5bg5PlysMsOZ0sG2xSefGEuATO5WWXlWv-x5Pl3uMCAOSMKCjpOqKPKNFjGuXUVkrKtCiNKP7WSrXG-hZoPgQoPcb3F-oBaMbVzobiP-SNkJTkipxBPQ_oIX-CUAnQySePvSjNyiAT2fHWjMSGxI3a-MKAR-Oo5ZTxOhUfIggynKbzRG10R5wCDj&xkcb=SoC2-_M3RYGaQ5WQ0B0LbzkdCdPP&p=6&fvj=1&vjs=3
full details of Hiring for Python Developer and SDET on w2,excelon solutuion,None,https://indeed.com/company/excelon-solutuion/jobs/Python-Developer-Sdet-W2-57faf83a2d5a2476?fccid=84b1185bb2ec86d3&vjs=3
full details of Business Intelligence Analyst,Leadstack Inc,Remote,https://indeed.com/company/Leadstack-Inc/jobs/Business-Intelligence-Analyst-13a689f04ed7ea7d?fccid=574eb9df68c13572&vjs=3
full details of Data Engineer,Maas Energy Works  Inc,Redding  CA 96001,https://indeed.com/pagead/clk?mo=r&ad=-6NYlbfkN0CKammWz-QfI4wcKX8XbN9eazqG8_SLcH7e_5jSCB8NBPh3umvj3DCq1I0lCNqZ7q80pf_I8yRbPp7Kflrbzn4LYVWnlgqSUWN0v28RlxSQn4wtraXNePKoyb-ioJitE6vX-W6QjUtYC79JvDTc4vbY0_uzjgzl0B7a454s9zKLxFbpLH96Q19Y7dqGxQ1sLLuRvrYlbcEXHPMaBV5kBU2YVbETbY2rGEjRQx1fKKbixSgqvyRu7Zm-0FWEJSERqz-qke1Oa4c6hrYSzn8rQ6NifYZ8dvC6zVe-8AWYEy2VqHnr4oTdaq4h7xv_cqWrTqVLKuz8-HelNZxB-oBIPuXdKc9GLRr834-dt3O35V9xoIpYpHArSvvrkVb9xp6NZtV91c8htBBaaL6NHgLRYrtlq-SYQ7DHG6EctG3dh5nxLRwqXF6fokZ1bcRHVPi5yr3Hj9urn84t48wYmcr6cDOI6toEfpxSR4e8WYJn9HRogyplkcX_Rkxe-38-In-sogpzURUNVQSO1g==&xkcb=SoAR-_M3RYGaQ5WQ0B0ObzkdCdPP&p=9&fvj=1&vjs=3
full details of Sr. Data Engineer,Leadstack Inc,Remote,https://indeed.com/company/Leadstack-Inc/jobs/Senior-Data-Engineer-9c8213272a956b31?fccid=574eb9df68c13572&vjs=3
full details of Code Tutors Needed! (In Person  College/ HS AP ok) (MissionViejo),the Coder School Mission Viejo,None,https://indeed.com/pagead/clk?mo=r&ad=-6NYlbfkN0BOUCKzGZoU1hjj-DLb4BlPnIrIZXqDvJjBJM6MiX2XvOTUFgBtfDpuaaAwU9OAYYkkUy67eJHGO6qug_LymuR6HocBKChtOWWfohHTQWf4kIEcY-abvjXft3-aDmlbMoHfASCW-S7zGWP82IxHJUueuzoA0gdZpg33nktcKs_AtPuduiVi5-h3dxiViydUojkqLdafVP3QBZ7IuvmiU65jnVjVc93NDm8cdd3sBfpFrKziC7A6v6X7ZiMSToJj1GzRbSs0OFMJDoGS9RmcXvpYqecC34XKYR0Dth7T4aYTDW9hMd946X6BZdTp3VRs-7_q3GADHcHgSmT4q6fMhsazJUUmrjRa2_sfjDuJ46zalUUKpdBRNytxdLzADLkw3a2NQ8nETmWmV2cnwFbZ5x0AT6IsMUopQuMz07qXmnk14u5U6esKISFB4sA4bOyaoADwXG3p-ib_mUKVshoa1WN_sAFkTwRmh1IUek3mwwvA0GIxJInmfLfsAbJBkCzDXoRmJJSBeFFIcdagQZ42d2WHNcfIMOvRm2b97uxoxNLcj-SSk4CuaYIHThc8dRDhiX8=&xkcb=SoA4-_M3RYGaQ5WQ0B0MbzkdCdPP&p=11&fvj=1&vjs=3
full details of Data Scientist(RWE R Python Real word data  EHR),Tellus Solutions,None,https://indeed.com/company/Tellus-Solutions/jobs/Data-Scientist-9ed9fb89fe8bd555?fccid=def1eacd3dd4aba0&vjs=3
full details of Fixed Income Swaps (STIRT) Strat - Associate,Morgan Stanley,None,https://indeed.com/rc/clk?jk=454d1bbc7537cb1a&fccid=0c39fb2c91742dcf&vjs=3
full details of Python Trainer,Bsoft Education Pvt Ltd,Remote,https://indeed.com/company/Bsoft-Education-Pvt-Ltd/jobs/Python-Trainer-7c830f7f9da93770?fccid=68a8bde789cf6241&vjs=3
full details of Business Intelligence Analyst,Leadstack Inc,Remote,https://indeed.com/company/Leadstack-Inc/jobs/Business-Intelligence-Analyst-13a689f04ed7ea7d?fccid=574eb9df68c13572&vjs=3
full details of Sr. Data Engineer,Leadstack Inc,Remote,https://indeed.com/company/Leadstack-Inc/jobs/Senior-Data-Engineer-9c8213272a956b31?fccid=574eb9df68c13572&vjs=3
full details of Python Trainer,Bsoft Education Pvt Ltd,Remote,https://indeed.com/company/Bsoft-Education-Pvt-Ltd/jobs/Python-Trainer-7c830f7f9da93770?fccid=68a8bde789cf6241&vjs=3
full details of Data Scientist(RWE R Python Real word data  EHR),Tellus Solutions,None,https://indeed.com/company/Tellus-Solutions/jobs/Data-Scientist-9ed9fb89fe8bd555?fccid=def1eacd3dd4aba0&vjs=3
full details of Fixed Income Swaps (STIRT) Strat - Associate,Morgan Stanley,None,https://indeed.com/rc/clk?jk=454d1bbc7537cb1a&fccid=0c39fb2c91742dcf&vjs=3
full details of Hadoop Administrator,AVS solutions,Remote,https://indeed.com/company/AVS-Solutions/jobs/Hadoop-Administrator-e63e67e467d86e4c?fccid=e80e7ac044c16705&vjs=3
full details of Data Engineer,Holman,Remote,https://indeed.com/company/Holman/jobs/Data-Engineer-5fe9abd1cfdf3ef4?fccid=28871a2dda2df201&vjs=3
full details of Python Machine Learning Developer,Storylines,Remote,https://indeed.com/rc/clk?jk=e3a7189e1e241b25&fccid=51bc64bbba7f8a0e&vjs=3
full details of Contract Python Developer - Mid Level,TensorIoT Inc,Remote,https://indeed.com/company/TensorIoT-Inc/jobs/Contract-Python-Developer-5f8f13aef99f5cd0?fccid=ddb06c1f1159eae4&vjs=3
full details of Python Developer,Enin Systems,Florida  NY 10921,https://indeed.com/company/ENIN-SYSTEMS/jobs/Python-Developer-7b34790f37af2415?fccid=5868c58e6692bda3&vjs=3
full details of Sr. Python Developer,WorkCog,None,https://indeed.com/company/WorkCog/jobs/Senior-Python-Developer-652dc26cc7336894?fccid=04542d75b9ce9d61&vjs=3
full details of Python Developer,2050 wiki LLC,Remote,https://indeed.com/company/2050-wiki-LLC/jobs/Python-Developer-c9ef435a755516a6?fccid=e090f5c1b8a91682&vjs=3
full details of Network Support Analyst 5,Metropolitan Transportation Authority,Jamaica  NY 11435,https://indeed.com/rc/clk?jk=ba83104e75b949b3&fccid=0cc7e6bf8ac0b24f&vjs=3
full details of Senior Privacy Engineer - Tech Review,BP,None,https://indeed.com/pagead/clk?mo=r&ad=-6NYlbfkN0Dkf5M1tuNxFnHqfaR82S40qTE41Js2lBkfbKe6rnLaJXvIIhjJ9oLeio8YmPYyzBgsHGMgjmnUi3H38QoUE0QEwCAdi_Jd_4uArDqYR-eIT_QZzgZA0cnE4MBaL9haBDp89PXwwBD5853B6VoG-AfCE1UTq54BGzq5tdWClTqXZlKEAq_O1vIfLUWk06CtAHDKujDz5oNUsWJ8_Qt2oIuj6r0qXnWlTwntDYEJSBcOLqoEyce7ivuOHCS0sSJH_omXgKONlciuMcYxPG1jcRNv8gYuyGN_GzBUMScVnEgFq9VO55VLTcvkuj6GlvLgYEyKmsQPowXHBjQlahjxPGb_OrJ6A_I37--zoBx-jbnjaM8c6fl_wtuxqm3FOAdXNctUv2_WF9MBfsrTECHuR0Rxs_f4PE6aN_zJCNBjws5fl_HanKBKiEPptLEysh4UfU0wyDGKVlOEVg==&xkcb=SoCR-_M3RYGaCYwgZR0PbzkdCdPP&p=13&fvj=0&vjs=3
full details of Entry Level Python Developer - 482018,I28 Technologies Corporation,None,https://indeed.com/company/I28-Technologies-Corporation/jobs/Entry-Level-Python-Developer-b2e8f47ac56a5276?fccid=a8f840414d50fb27&vjs=3
full details of QA Engineer (US - 100% Remote),Gynger,Remote in New York  NY,https://indeed.com/rc/clk?jk=a71604505609489e&fccid=633eea12c5afae69&vjs=3
full details of Financial Software Engineer (Python),Beacon Platform,None,https://indeed.com/rc/clk?jk=f390be4fd9ed6485&fccid=6704673621c26e0a&vjs=3
full details of Python Developer,Convene Technologies,None,https://indeed.com/rc/clk?jk=487ec9cd1c59d8b0&fccid=2d50f495496f2565&vjs=3
full details of Python Cognitive Task Developer,Child Mind Institute,None,https://indeed.com/rc/clk?jk=28f3972e6f99ec47&fccid=ce06339e6f22b214&vjs=3
full details of Python Developer,Locks Global Staffing LLC,None,https://indeed.com/rc/clk?jk=dfc9bd5841e806d2&fccid=dd616958bd9ddc12&vjs=3
full details of Data Scientist - RWD,Norstella,Remote,https://indeed.com/company/NorStella/jobs/Data-Scientist-98a669a8c3c97bf3?fccid=f5a8e2e808c3b88a&vjs=3
full details of Python Developer,Verbit,Remote,https://indeed.com/rc/clk?jk=28c01faa1e17d0e1&fccid=e464174d4cbad285&vjs=3
full details of Python Developer,precision technologies corp,None,https://indeed.com/company/Precision-Technologies-Corp/jobs/Python-Developer-f8a218ba8b2911f6?fccid=59ee6698a7dcef43&vjs=3
full details of Python Developer / Java,PRIMESOFT INC,None,https://indeed.com/company/Primesoft,-Inc/jobs/Python-Developer-15cd992876fb1824?fccid=303cbdd6e383d86e&vjs=3
full details of Senior Python Developer,DevsData,None,https://indeed.com/rc/clk?jk=0f1255d9a33624ee&fccid=3206f49cd64dbd4f&vjs=3
full details of Data Analyst,GapRx 340B Consultants,Remote,https://indeed.com/rc/clk?jk=dd0a195bd3b9cbdd&fccid=dd616958bd9ddc12&vjs=3
full details of Python Developer Data Migration,RELQ TECHNOLOGIES,Remote,https://indeed.com/company/RELQ-TECHNOLOGIES/jobs/Python-Developer-Data-Migration-58a2fd3d1dc20281?fccid=48682c5a84ee5a18&vjs=3
full details of Software Engineer (Python),Wellfound,Remote,https://indeed.com/rc/clk?jk=5f64e96809a04975&fccid=b45d84280e003712&vjs=3
full details of Senior Privacy Engineer - Tech Review,BP,None,https://indeed.com/pagead/clk?mo=r&ad=-6NYlbfkN0Dkf5M1tuNxFnHqfaR82S40qTE41Js2lBkfbKe6rnLaJXvIIhjJ9oLeio8YmPYyzBgsHGMgjmnUi3H38QoUE0QEwCAdi_Jd_4uArDqYR-eIT_QZzgZA0cnE4MBaL9haBDp89PXwwBD5853B6VoG-AfCE1UTq54BGzodireO1rOYm0NWDRoz9hRJXQCOR98_a4u2Xu9V-KYzUN6pj8oUVGQ78RJb243_cPDhCedB1iOBaQ--F23F8OhL65scnjI3LxRyn4C0lfbpwbZImmxzq6YhU3_X2ZxJEW_XDP48cPvcTtfzYCBPaACA7FwbXgHGhJFRMyK6ei4XYfYRKyp_rqgelNi_evlYE0BGfR3i81oRD1vyz59zUpumIpsW4tW6rPAFgQ3MeEM1loMi5gTyMgbShfLNp5UxP7HKSWT2oiHYi4vDp7CZkmTlGAyF8EfS9K1a899xssBotg==&xkcb=SoDR-_M3RYGZ0agEFb0JbzkdCdPP&p=13&fvj=0&vjs=3
full details of Research Assistant,Columbia University,None,https://indeed.com/rc/clk?jk=c43a53c52df7eea2&fccid=bd976cc171c690e0&vjs=3
full details of Data Scientist  Ecosystem,Pinterest,None,https://indeed.com/rc/clk?jk=160deaa7e22f93fc&fccid=43014b1412e0a7b6&vjs=3
full details of Python Developer,Kaygen,Remote,https://indeed.com/company/Kaygen/jobs/Python-Developer-7c29f65d03feb166?fccid=93c9d8ad0fe8bc7f&vjs=3
full details of Data Analyst,William & Mary,Hybrid remote in Williamsburg  VA 23187,https://indeed.com/rc/clk?jk=3248f1c22c475cdb&fccid=af43b61d41a7f714&vjs=3
full details of Hiring for Python Developer and SQL Developer on W2,Excelon Solutions,None,https://indeed.com/company/Excelon-solutions/jobs/Python-Developer-SQL-Developer-W2-9371d682dd7e0511?fccid=6e69e2694ba28af4&vjs=3
full details of Python Programming | Coding Instructor - Online Eastern Timezone,Nucamp,None,https://indeed.com/rc/clk?jk=d390e41334134366&fccid=1e7d18df6804edb5&vjs=3
full details of Backend Python Developer,Tea Inc,Remote,https://indeed.com/rc/clk?jk=dc7f2cfdfa5651ab&fccid=78e2ec3d9e8b9ad3&vjs=3
full details of Python Developer,Visvak Solutions,Remote,https://indeed.com/company/Visvak-Solutions/jobs/Python-Developer-1a25656ccd760187?fccid=28223f72559d2e67&vjs=3
full details of Python Developer,N9 IT Solutions Inc,None,https://indeed.com/company/N9-IT-SOLUTIONS/jobs/Python-Developer-392e6aa8fe2dd798?fccid=55a3baa4e7511cea&vjs=3
full details of Full Stack Engineer - Javascript & Java / Python / Golang,Amex,None,https://indeed.com/rc/clk?jk=47a084e9dce8458c&fccid=f057e04c37cca134&vjs=3
full details of Data Engineer,Michael Kors,New York  NY,https://indeed.com/rc/clk?jk=e0d0b4766e7f465c&fccid=927356efef1f3075&vjs=3
full details of Computational Biologist,Memorial Sloan Kettering Cancer Center,None,https://indeed.com/rc/clk?jk=b05c80b19b8041fe&fccid=1320c50b75f44505&vjs=3
full details of Jr. Python Developer,Emonics LLC,None,https://indeed.com/company/Emonics/jobs/Junior-Python-Developer-4b36ee590297da13?fccid=b3b4a6a45c149841&vjs=3
full details of Junior Quantitative Trader,Hap Capital,None,https://indeed.com/rc/clk?jk=afaa0d69007fb7b9&fccid=db0af0ad6162783b&vjs=3
full details of Senior Privacy Engineer - Tech Review,BP,None,https://indeed.com/pagead/clk?mo=r&ad=-6NYlbfkN0Dkf5M1tuNxFnHqfaR82S40qTE41Js2lBkfbKe6rnLaJXvIIhjJ9oLeio8YmPYyzBgsHGMgjmnUi3H38QoUE0QEwCAdi_Jd_4uArDqYR-eIT_QZzgZA0cnE4MBaL9haBDp89PXwwBD5853B6VoG-AfCE1UTq54BGzq7iak-_JXdDAk10FLbg5BpHFKmPMfabsUgmyJBhIpcEVNO2H4yjNffRdo37UWsBz0JA9AlLmPe0-TjMyru1ozeKm43arpglUyGJ4J1f2ZAvlGjFKHQ-iUPdx98txp03smSnDqXz2U_lKPk9F-iPgsOhnimkOglMACSbO3GpF64WnqRijZ60_DMj5lcfj_GG94cpQPn6VvaegCG_TRU49ljkZggCbmhz1laTgXIu_C2Vj4F6yzalW49hx3jex9JrUoFYRdoqGouuoa55LIlJWGC_JVyMVmrMPvOBEscC_zuMg==&xkcb=SoD5-_M3RYGZ5Pw8IJ0KbzkdCdPP&p=13&fvj=0&vjs=3
full details of Data Science Educator - Python (Full Time),RStudio,Remote,https://indeed.com/rc/clk?jk=09dd46bcf45dc1b0&fccid=51b16288e36313e8&vjs=3
full details of Quantitative Research,JPMorgan Chase Bank  N.A.,None,https://indeed.com/rc/clk?jk=518eb5e080466546&fccid=aaf3b433897ea465&vjs=3
full details of Data Analyst (Remote),pulseData,Remote in United States,https://indeed.com/rc/clk?jk=eb1907905bebbc9b&fccid=2c23f29fcd5c78da&vjs=3
full details of Data Analyst (Remote),Westport Properties  Inc.,Remote,https://indeed.com/rc/clk?jk=ae259d9aa76777c1&fccid=8fb1c7521567d982&vjs=3
full details of Python Developer: Shotgrid,Rockstar Games,Manhattan  NY,https://indeed.com/rc/clk?jk=684602ce388ff404&fccid=5549c6b9723b4956&vjs=3
full details of Machine Learning Engineer-W2,meritconsultinggroup,Remote,https://indeed.com/company/meritconsultinggroup/jobs/Machine-Learning-Engineer-W2-dcef536aabcd9d65?fccid=b4fe8d413613e5e5&vjs=3
full details of Quantitative Analyst,LSEG (London Stock Exchange Group),None,https://indeed.com/rc/clk?jk=9c880010aaf4d539&fccid=2d181105260f6454&vjs=3
full details of Python Developers/Banking,Intone Networks,None,https://indeed.com/rc/clk?jk=f8c6dbf7fa554521&fccid=3ed0572c448b2368&vjs=3
full details of Backend Engineer (Python),Recruiting From Scratch,None,https://indeed.com/rc/clk?jk=f9bdc07551420e38&fccid=09e02654c2f26bbd&vjs=3
full details of Associate,Morgan Stanley,None,https://indeed.com/rc/clk?jk=9aebf94e4dd448ef&fccid=0c39fb2c91742dcf&vjs=3
full details of Sr. Python Engineer,Apolis,Remote,https://indeed.com/company/Apolis/jobs/Senior-Python-Engineer-f516004f92bafaba?fccid=f2d754c1007a70ff&vjs=3
full details of Software Engineer (#2302),apLumina For Disney,None,https://indeed.com/company/apLumina-Inc/jobs/Software-Engineer-6b2ef1ed60655252?fccid=5af33fe3ad6ba4c4&vjs=3
full details of Quantitative Developer (Python),Engineers Gate,New York  NY,https://indeed.com/rc/clk?jk=38c748025811db1e&fccid=9f69c86470add45a&vjs=3
full details of Data Scientist  Analytics - Trust & Safety,TikTok,None,https://indeed.com/rc/clk?jk=7676a8e2b5a95b2b&fccid=caed318a9335aac0&vjs=3
full details of Senior Privacy Engineer - Tech Review,BP,None,https://indeed.com/pagead/clk?mo=r&ad=-6NYlbfkN0Dkf5M1tuNxFnHqfaR82S40qTE41Js2lBkfbKe6rnLaJXvIIhjJ9oLeio8YmPYyzBgsHGMgjmnUi3H38QoUE0QEwCAdi_Jd_4uArDqYR-eIT_QZzgZA0cnE4MBaL9haBDp89PXwwBD5853B6VoG-AfCE1UTq54BGzovLB1y0ZFJigZzDdsMm0D6rrK6Q_opqMK77oVGyDWDDUYxJSfw_Wd6ptwKTJjByUgNm_DSJn0P54IEiV6MHiWvLjYovtQHXT6xKI2b-Oqj_mU9jTbfaBDZ3OaitFscAhUf01b81liiF5SneGBifyCwFrLH21-zE1Tj2XXpwUTCiKS8EvvDOp03i83osApF3ldnxHid3P1ZRVnRIZ-s7H_HaF2nsolzoo-KKm7Hvru0hvhxNd-2yRNUPgxVLBHiz2YKfB3m2jiyhWi3xAaajAJC_rfuMAnUHcAUkfEW2Wbv1w==&xkcb=SoBw-_M3RYGZpYQjpp0KbzkdCdPP&p=13&fvj=0&vjs=3
full details of Associate Data Scientist,Polco,Remote,https://indeed.com/rc/clk?jk=1aa2211ccaa48337&fccid=ded19a16e25418f1&vjs=3
